datetime,open,high,low,close,volume,bar_index,src,xATR,nLoss,xATRTrailingStop,ut_pos,raw_buy,raw_sell,hma,hma_prev,atr_norm,hma_slope,hma_slope_norm,slope_threshold,dist_ok,cooldown_ok,range_buy_ok,range_sell_ok,buy,sell,signal,blocked_buy,blocked_sell,is_chop,stable_bias
2026-06-23 09:15:00+05:30,57886.75,57970.9,57781.25,57831.3,0,1500,57831.3,52.752026025265884,158.25607807579766,57989.5560780758,-1,False,True,57889.01119047619,57916.97109523809,52.752026025265884,-71.69204761904984,1.3590387520796363,0.045,True,True,False,True,False,True,SELL,False,False,False,-1
2026-06-23 09:20:00+05:30,57837.75,57873.0,57821.15,57834.45,0,1501,57834.45,52.68759559488965,158.06278678466896,57989.5560780758,-1,False,False,57862.309499999996,57889.01119047619,52.68759559488965,-76.67816666667204,1.455336228592472,0.045,True,False,False,False,False,False,,False,False,False,-1
2026-06-23 09:25:00+05:30,57842.8,57882.85,57815.3,57880.95,0,1502,57880.95,53.749195909540084,161.24758772862026,57989.5560780758,-1,False,False,57846.87678571428,57862.309499999996,53.749195909540084,-70.09430952381081,1.30409968628702,0.045,True,False,False,False,False,False,,False,False,False,-1
2026-06-23 09:30:00+05:30,57882.35,57906.2,57861.9,57888.0,0,1503,57888.0,53.074253344572625,159.22276003371786,57989.5560780758,-1,False,False,57841.96742857143,57846.87678571428,53.074253344572625,-47.04376190475887,0.8863763301451996,0.045,True,False,False,False,False,False,,False,False,False,-1
2026-06-23 09:35:00+05:30,57893.0,57944.05,57871.95,57939.45,0,1504,57939.45,54.433235248532135,163.2997057455964,57989.5560780758,-1,False,False,57853.954809523806,57841.96742857143,54.433235248532135,-8.354690476189717,0.1534850985440005,0.045,True,True,False,False,False,False,,False,False,False,-1
2026-06-23 09:40:00+05:30,57945.55,57958.55,57886.35,57926.0,0,1505,57926.0,55.7022898736373,167.10686962091188,57989.5560780758,-1,False,False,57873.442119047606,57853.954809523806,55.7022898736373,26.565333333324816,0.4769163600560992,0.045,True,True,False,False,False,False,,False,False,False,1
2026-06-23 09:45:00+05:30,57925.05,57935.9,57885.55,57931.45,0,1506,57931.45,55.31998345409168,165.95995036227504,57989.5560780758,-1,False,False,57895.289666666664,57873.442119047606,55.31998345409168,53.32223809523566,0.9638874555970559,0.045,True,True,False,False,False,False,,False,False,False,1
2026-06-23 09:50:00+05:30,57934.15,57957.5,57910.2,57950.85,0,1507,57950.85,54.74712749308534,164.241382479256,57989.5560780758,-1,False,False,57919.01733333334,57895.289666666664,54.74712749308534,65.06252380953083,1.1884189507065617,0.045,True,True,False,False,False,False,,False,False,False,1
2026-06-23 09:55:00+05:30,57951.85,57953.8,57925.45,57951.85,0,1508,57951.85,52.8616183864368,158.5848551593104,57989.5560780758,-1,False,False,57939.46252380952,57919.01733333334,52.8616183864368,66.02040476191178,1.248928935154419,0.045,True,True,False,False,False,False,,False,False,False,1
2026-06-23 10:00:00+05:30,57946.75,57953.9,57898.6,57933.3,0,1509,57933.3,53.03578850169152,159.10736550507457,57989.5560780758,-1,False,False,57951.87202380953,57939.46252380952,53.03578850169152,56.58235714286275,1.06687123433751,0.045,True,True,False,False,False,False,,False,False,False,1
2026-06-23 10:05:00+05:30,57933.05,57944.1,57881.3,57897.95,0,1510,57897.95,53.73323218014182,161.19969654042546,57989.5560780758,-1,False,False,57951.719690476195,57951.87202380953,53.73323218014182,32.70235714285809,0.6086058071701835,0.045,True,True,False,False,False,False,,False,False,False,1
2026-06-23 10:10:00+05:30,57903.0,57908.65,57868.6,57880.15,0,1511,57880.15,52.755858452989045,158.26757535896712,57989.5560780758,-1,False,False,57939.578095238096,57951.719690476195,52.755858452989045,0.1155714285778231,0.0021906842570064374,0.045,True,True,False,False,False,False,,False,False,False,1
2026-06-23 10:15:00+05:30,57884.95,57931.5,57870.1,57927.1,0,1512,57927.1,53.3732971349185,160.1198914047555,57989.5560780758,-1,False,False,57928.73745238094,57939.578095238096,53.3732971349185,-23.134571428585332,0.4334484221595889,0.045,False,True,False,False,False,False,,False,False,False,-1
2026-06-23 10:20:00+05:30,57926.55,57934.5,57883.55,57905.2,0,1513,57905.2,53.20020448242411,159.60061344727234,57989.5560780758,-1,False,False,57917.95821428571,57928.73745238094,53.20020448242411,-33.761476190484245,0.6346117748783863,0.045,True,True,False,False,False,False,,False,False,False,-1
2026-06-23 10:25:00+05:30,57905.4,57918.05,57874.55,57902.6,0,1514,57902.6,52.50733273367954,157.52199820103863,57989.5560780758,-1,False,False,57908.7550952381,57917.95821428571,52.50733273367954,-30.822999999996682,0.5870227717780458,0.045,True,True,False,False,False,False,,False,False,False,-1
2026-06-23 10:30:00+05:30,57903.2,57912.45,57874.8,57905.0,0,1515,57905.0,51.44609468127344,154.33828404382032,57989.5560780758,-1,False,False,57902.44954761905,57908.7550952381,51.44609468127344,-26.287904761891696,0.5109795976692587,0.045,False,True,False,False,False,False,,False,False,False,-1
2026-06-23 10:35:00+05:30,57908.45,57933.0,57890.9,57910.95,0,1516,57910.95,50.77851648975381,152.33554946926142,57989.5560780758,-1,False,False,57899.5665,57902.44954761905,50.77851648975381,-18.391714285709895,0.3621947933319598,0.045,True,True,False,False,False,False,,False,False,False,-1
2026-06-23 10:40:00+05:30,57912.65,57932.1,57880.15,57880.35,0,1517,57880.35,50.86219388334262,152.58658165002785,57989.5560780758,-1,False,False,57895.91533333333,57899.5665,50.86219388334262,-12.839761904768238,0.2524421564318967,0.045,True,True,False,False,False,False,,False,False,False,-1
2026-06-23 10:45:00+05:30,57885.65,57892.7,57860.75,57882.15,0,1518,57882.15,49.511322891675086,148.53396867502525,57989.5560780758,-1,False,False,57891.94107142857,57895.91533333333,49.511322891675086,-10.508476190479996,0.21224389850118322,0.045,True,True,False,False,False,False,,False,False,False,-1
2026-06-23 10:50:00+05:30,57890.0,57910.85,57874.7,57896.2,0,1519,57896.2,48.55694268512697,145.67082805538092,57989.5560780758,-1,False,False,57889.05776190476,57891.94107142857,48.55694268512697,-10.508738095239096,0.21642091767153063,0.045,True,True,False,False,False,False,,False,False,False,-1
2026-06-23 10:55:00+05:30,57896.55,57904.65,57874.95,57888.0,0,1520,57888.0,47.21001820761821,141.63005462285463,57989.5560780758,-1,False,False,57886.51511904762,57889.05776190476,47.21001820761821,-9.400214285713446,0.19911482017171828,0.045,False,True,False,False,False,False,,False,False,False,-1
2026-06-23 11:00:00+05:30,57886.8,57892.95,57854.0,57871.7,0,1521,57871.7,46.62001690707384,139.8600507212215,57989.5560780758,-1,False,False,57882.65976190475,57886.51511904762,46.62001690707384,-9.281309523816162,0.19908421617084124,0.045,True,True,False,False,False,False,,False,False,False,-1
2026-06-23 11:05:00+05:30,57871.65,57906.0,57863.75,57877.4,0,1522,57877.4,46.30787284228285,138.92361852684854,57989.5560780758,-1,False,False,57878.9028095238,57882.65976190475,46.30787284228285,-10.154952380959003,0.21929213668581007,0.045,False,True,False,False,False,False,,False,False,False,-1
2026-06-23 11:10:00+05:30,57880.75,57904.05,57871.15,57899.35,0,1523,57899.35,45.35016763926275,136.05050291778826,57989.5560780758,-1,False,False,57878.79242857142,57878.9028095238,45.35016763926275,-7.722690476199205,0.17029022996407056,0.045,True,True,False,False,False,False,,False,False,False,-1
2026-06-23 11:15:00+05:30,57901.1,57931.2,57892.8,57899.6,0,1524,57899.6,44.85372709360071,134.56118128080215,57989.5560780758,-1,False,False,57881.9065,57878.79242857142,44.85372709360071,-0.7532619047560729,0.016793741647916277,0.045,True,True,False,False,False,False,,False,False,False,-1
2026-06-23 11:20:00+05:30,57902.05,57908.15,57866.35,57889.1,0,1525,57889.1,44.6356037297723,133.9068111893169,57989.5560780758,-1,False,False,57885.3324047619,57881.9065,44.6356037297723,6.429595238099864,0.14404633747143145,0.045,False,True,False,False,False,False,,False,False,False,1
2026-06-23 11:25:00+05:30,57890.75,57901.75,57861.95,57871.65,0,1526,57871.65,44.29020346336021,132.87061039008063,57989.5560780758,-1,False,False,57885.52216666667,57885.3324047619,44.29020346336021,6.729738095251378,0.15194642537189207,0.045,True,True,False,False,False,False,,False,False,False,1
2026-06-23 11:30:00+05:30,57869.95,57873.6,57847.2,57850.1,0,1527,57850.1,43.01233178740601,129.03699536221802,57979.13699536222,-1,False,False,57880.01642857144,57885.52216666667,43.01233178740601,-1.8900714285555296,0.043942547404717584,0.045,True,True,False,True,False,False,,False,False,False,1
2026-06-23 11:35:00+05:30,57855.2,57859.5,57821.1,57824.65,0,1528,57824.65,42.682879516877115,128.04863855063135,57952.69863855063,-1,False,False,57867.76528571428,57880.01642857144,42.682879516877115,-17.56711904762051,0.41157295961427215,0.045,True,True,False,True,False,False,,False,False,False,-1
2026-06-23 11:40:00+05:30,57826.55,57828.3,57738.75,57762.6,0,1529,57762.6,46.030530979957526,138.09159293987258,57900.691592939875,-1,False,False,57843.29983333333,57867.76528571428,46.030530979957526,-42.22233333333861,0.9172680052663944,0.045,True,True,False,True,False,False,,False,False,False,-1
2026-06-23 11:45:00+05:30,57760.95,57761.75,57616.6,57629.3,0,1530,57629.3,53.171207338531985,159.51362201559596,57788.8136220156,-1,False,False,57793.88376190476,57843.29983333333,53.171207338531985,-86.13266666667914,1.6199118090038314,0.045,True,True,False,True,False,False,,False,False,False,-1
2026-06-23 11:50:00+05:30,57628.15,57668.7,57596.2,57646.25,0,1531,57646.25,54.551835385779704,163.65550615733912,57788.8136220156,-1,False,False,57736.24500000001,57793.88376190476,54.551835385779704,-131.52028571427218,2.410923203301721,0.045,True,True,False,False,False,False,,False,False,False,-1
2026-06-23 11:55:00+05:30,57649.15,57651.85,57517.5,57544.7,0,1532,57544.7,60.25170428679534,180.75511286038602,57725.455112860385,-1,False,False,57666.48566666668,57736.24500000001,60.25170428679534,-176.81416666664882,2.9345919548602564,0.045,True,True,False,True,False,False,,False,False,False,-1
2026-06-23 12:00:00+05:30,57543.9,57562.7,57502.6,57517.95,0,1533,57517.95,60.24086826630985,180.72260479892955,57698.67260479893,-1,False,False,57595.308142857146,57666.48566666668,60.24086826630985,-198.57561904761678,3.2963605067869124,0.045,True,True,False,False,False,False,,False,False,False,-1
2026-06-23 12:05:00+05:30,57519.7,57530.8,57463.55,57490.55,0,1534,57490.55,60.74152053300201,182.22456159900602,57672.774561599006,-1,False,False,57530.25864285715,57595.308142857146,60.74152053300201,-205.98635714285774,3.3911952703084127,0.045,True,True,False,True,False,False,,False,False,False,-1
2026-06-23 12:10:00+05:30,57491.35,57523.65,57465.15,57519.05,0,1535,57519.05,60.58141192350187,181.7442357705056,57672.774561599006,-1,False,False,57481.81123809524,57530.25864285715,60.58141192350187,-184.67442857144488,3.0483678525789286,0.045,True,True,False,False,False,False,,False,False,False,-1
2026-06-23 12:15:00+05:30,57518.8,57562.75,57491.3,57530.6,0,1536,57530.6,61.35773964325153,184.07321892975457,57672.774561599006,-1,False,False,57455.63073809524,57481.81123809524,61.35773964325153,-139.67740476190374,2.2764431280229904,0.045,True,True,False,False,False,False,,False,False,False,-1
2026-06-23 12:20:00+05:30,57530.1,57537.6,57368.0,57394.65,0,1537,57394.65,69.08932966873346,207.26798900620037,57601.9179890062,-1,False,False,57429.260738095225,57455.63073809524,69.08932966873346,-100.9979047619272,1.4618451973146593,0.045,True,True,False,True,False,False,,False,False,False,-1
2026-06-23 12:25:00+05:30,57400.7,57490.55,57394.45,57458.15,0,1538,57458.15,71.01866326382434,213.055989791473,57601.9179890062,-1,False,False,57413.78745238095,57429.260738095225,71.01866326382434,-68.02378571428562,0.9578297110660452,0.045,True,True,False,False,False,False,,False,False,False,-1
2026-06-23 12:30:00+05:30,57456.5,57460.85,57430.15,57444.1,0,1539,57444.1,68.13875874497953,204.41627623493858,57601.9179890062,-1,False,False,57405.47183333333,57413.78745238095,68.13875874497953,-50.15890476191271,0.7361288301367601,0.045,True,True,False,False,False,False,,False,False,False,-1
2026-06-23 12:35:00+05:30,57446.25,57483.35,57433.35,57472.65,0,1540,57472.65,66.84313312033814,200.5293993610144,57601.9179890062,-1,False,False,57407.13602380953,57405.47183333333,66.84313312033814,-22.124714285695518,0.3309945727089759,0.045,True,True,False,False,False,False,,False,False,False,-1
2026-06-23 12:40:00+05:30,57474.8,57496.3,57442.3,57469.55,0,1541,57469.55,65.92576646888541,197.77729940665625,57601.9179890062,-1,False,False,57416.48430952381,57407.13602380953,65.92576646888541,2.6968571428587893,0.040907482571804585,0.045,True,True,False,False,False,False,,False,False,False,-1
2026-06-23 12:45:00+05:30,57470.4,57474.45,57385.45,57401.65,0,1542,57401.65,67.57392600682218,202.72177802046653,57601.9179890062,-1,False,False,57417.6050952381,57416.48430952381,67.57392600682218,12.133261904768005,0.17955537914939332,0.045,True,True,False,False,False,False,,False,False,False,1
2026-06-23 12:50:00+05:30,57405.75,57432.6,57401.9,57418.8,0,1543,57418.8,64.95793129204895,194.87379387614686,57601.9179890062,-1,False,False,57415.87919047619,57417.6050952381,64.95793129204895,8.743166666659818,0.13459736929353242,0.045,False,True,False,False,False,False,,False,False,False,1
2026-06-23 12:55:00+05:30,57419.75,57421.35,57397.6,57412.75,0,1544,57412.75,62.01450762833117,186.0435228849935,57598.793522885,-1,False,False,57412.769880952386,57415.87919047619,62.01450762833117,-3.714428571423923,0.059896122915067636,0.045,False,True,False,False,False,False,,False,False,False,-1
2026-06-23 13:00:00+05:30,57412.7,57418.45,57366.8,57405.55,0,1545,57405.55,61.27418565487852,183.82255696463557,57589.37255696464,-1,False,False,57407.437404761906,57412.769880952386,61.27418565487852,-10.167690476191638,0.16593758639992806,0.045,False,True,False,False,False,False,,False,False,False,-1
2026-06-23 13:05:00+05:30,57408.95,57465.65,57397.3,57462.15,0,1546,57462.15,61.779600965244235,185.3388028957327,57589.37255696464,-1,False,False,57410.75676190477,57407.437404761906,61.779600965244235,-5.122428571419732,0.08291456227277173,0.045,True,True,False,False,False,False,,False,False,False,-1
2026-06-23 13:10:00+05:30,57462.1,57479.55,57436.05,57436.05,0,1547,57436.05,60.473915182012504,181.42174554603753,57589.37255696464,-1,False,False,57415.13361904762,57410.75676190477,60.473915182012504,2.3637380952350213,0.03908690363639788,0.045,True,True,False,False,False,False,,False,False,False,-1
2026-06-23 13:15:00+05:30,57440.4,57440.75,57388.95,57425.65,0,1548,57425.65,59.854349811868964,179.5630494356069,57589.37255696464,-1,False,False,57419.06930952382,57415.13361904762,59.854349811868964,11.631904761910846,0.19433683263575055,0.045,True,True,False,False,False,False,,False,False,False,1
2026-06-23 13:20:00+05:30,57429.5,57462.85,57407.95,57420.6,0,1549,57420.6,59.50046768244986,178.50140304734958,57589.37255696464,-1,False,False,57422.5703809524,57419.06930952382,59.50046768244986,11.81361904762889,0.1985466586695992,0.045,False,True,False,False,False,False,,False,False,False,1
2026-06-23 13:25:00+05:30,57423.6,57427.55,57359.35,57393.85,0,1550,57393.85,60.12186284798947,180.3655885439684,57574.215588543964,-1,False,False,57419.87107142857,57422.5703809524,60.12186284798947,4.737452380948525,0.07879749822334306,0.045,True,True,False,False,False,False,,False,False,False,1
2026-06-23 13:30:00+05:30,57397.7,57399.7,57279.6,57289.3,0,1551,57289.3,64.4060155017044,193.2180465051132,57482.518046505116,-1,False,False,57398.3350952381,57419.87107142857,64.4060155017044,-20.734214285716007,0.3219297782078649,0.045,True,True,False,True,False,False,,False,False,False,-1
2026-06-23 13:35:00+05:30,57292.65,57322.3,57264.45,57295.55,0,1552,57295.55,63.93772868015451,191.8131860404635,57482.518046505116,-1,False,False,57367.131714285715,57398.3350952381,63.93772868015451,-55.438666666683275,0.8670728193053683,0.045,True,True,False,False,False,False,,False,False,False,-1
2026-06-23 13:40:00+05:30,57301.0,57336.6,57291.0,57326.65,0,1553,57326.65,62.62789091728622,187.88367275185868,57482.518046505116,-1,False,False,57337.26395238094,57367.131714285715,62.62789091728622,-82.60711904762866,1.3190148644272464,0.045,True,True,False,False,False,False,,False,False,False,-1
2026-06-23 13:45:00+05:30,57327.75,57353.6,57292.6,57337.0,0,1554,57337.0,62.51161299462292,187.53483898386878,57482.518046505116,-1,False,False,57315.88747619048,57337.26395238094,62.51161299462292,-82.44761904761981,1.31891683957526,0.045,True,True,False,False,False,False,,False,False,False,-1
2026-06-23 13:50:00+05:30,57338.8,57340.5,57271.1,57280.2,0,1555,57280.2,63.003640637864244,189.01092191359274,57469.21092191359,-1,False,False,57296.75307142857,57315.88747619048,63.003640637864244,-70.3786428571475,1.1170567628254007,0.045,True,True,False,False,False,False,,False,False,False,-1
2026-06-23 13:55:00+05:30,57283.3,57286.55,57236.55,57259.85,0,1556,57259.85,62.07480916373108,186.22442749119324,57446.07442749119,-1,False,False,57277.797499999986,57296.75307142857,62.07480916373108,-59.46645238095516,0.9579804300985282,0.045,True,True,False,True,False,False,,False,False,False,-1
2026-06-23 14:00:00+05:30,57263.55,57333.3,57242.2,57329.65,0,1557,57329.65,64.14803708060785,192.44411124182355,57446.07442749119,-1,False,False,57271.695999999996,57277.797499999986,64.14803708060785,-44.191476190484536,0.688898338930526,0.045,True,True,False,False,False,False,,False,False,False,-1
2026-06-23 14:05:00+05:30,57331.65,57351.8,57283.15,57317.9,0,1558,57317.9,64.46960586056454,193.40881758169363,57446.07442749119,-1,False,False,57274.80383333333,57271.695999999996,64.46960586056454,-21.94923809523607,0.3404586983625754,0.045,True,True,False,False,False,False,,False,False,False,-1
2026-06-23 14:10:00+05:30,57323.65,57394.35,57313.8,57376.7,0,1559,57376.7,65.61820544195248,196.85461632585745,57446.07442749119,-1,False,False,57292.44311904762,57274.80383333333,65.61820544195248,14.645619047631044,0.22319444655625226,0.045,True,True,False,False,False,False,,False,False,False,1
2026-06-23 14:15:00+05:30,57381.0,57395.85,57335.2,57336.3,0,1560,57336.3,65.26333362467027,195.7900008740108,57446.07442749119,-1,False,False,57310.7709047619,57292.44311904762,65.26333362467027,39.07490476190287,0.59872676726296,0.045,True,True,False,False,False,False,,False,False,False,1
2026-06-23 14:20:00+05:30,57337.05,57382.1,57314.8,57358.9,0,1561,57358.9,65.40880979433636,196.22642938300908,57446.07442749119,-1,False,False,57329.05845238096,57310.7709047619,65.40880979433636,54.254619047627784,0.8294695961938386,0.045,True,True,False,False,False,False,,False,False,False,1
2026-06-23 14:25:00+05:30,57363.4,57380.05,57329.7,57353.1,0,1562,57353.1,64.33318052331275,192.99954156993823,57446.07442749119,-1,False,False,57345.179833333335,57329.05845238096,64.33318052331275,52.736714285718335,0.8197436199599655,0.045,True,True,False,False,False,False,,False,False,False,1
2026-06-23 14:30:00+05:30,57354.85,57360.75,57325.9,57333.9,0,1563,57333.9,62.22723905736173,186.6817171720852,57446.07442749119,-1,False,False,57353.98957142857,57345.179833333335,62.22723905736173,43.21866666666756,0.6945297159468723,0.045,True,True,False,False,False,False,,False,False,False,1
2026-06-23 14:35:00+05:30,57335.4,57349.95,57311.25,57331.45,0,1564,57331.45,60.54672198183568,181.64016594550705,57446.07442749119,-1,False,False,57355.86728571429,57353.98957142857,60.54672198183568,26.80883333332895,0.4427792695593286,0.045,True,True,False,False,False,False,,False,False,False,1
2026-06-23 14:40:00+05:30,57331.5,57398.6,57301.65,57387.35,0,1565,57387.35,63.146956125990066,189.4408683779702,57446.07442749119,-1,False,False,57360.520333333334,57355.86728571429,63.146956125990066,15.340499999998428,0.2429333247574316,0.045,True,True,False,False,False,False,,False,False,False,1
2026-06-23 14:45:00+05:30,57388.0,57412.05,57316.75,57360.05,0,1566,57360.05,65.44360211699099,196.33080635097298,57446.07442749119,-1,False,False,57362.7942857143,57360.520333333334,65.44360211699099,8.804714285732189,0.134538961807028,0.045,False,True,False,False,False,False,,False,False,False,1
2026-06-23 14:50:00+05:30,57364.25,57377.15,57331.45,57369.25,0,1567,57369.25,64.03334482292051,192.10003446876152,57446.07442749119,-1,False,False,57366.181357142865,57362.7942857143,64.03334482292051,10.314071428576426,0.1610734447356956,0.045,False,True,False,False,False,False,,False,False,False,1
2026-06-23 14:55:00+05:30,57372.3,57389.3,57331.45,57345.85,0,1568,57345.85,63.59167733556946,190.7750320067084,57446.07442749119,-1,False,False,57366.080357142855,57366.181357142865,63.59167733556946,5.560023809521226,0.08743319947642386,0.045,True,True,False,False,False,False,,False,False,False,1
2026-06-23 15:00:00+05:30,57354.9,57373.55,57181.5,57226.65,0,1569,57226.65,72.76727181160042,218.30181543480126,57444.951815434804,-1,False,False,57345.37659523809,57366.080357142855,72.76727181160042,-17.41769047620619,0.23936159818251554,0.045,True,True,False,True,False,False,,False,False,False,-1
2026-06-23 15:05:00+05:30,57226.2,57278.75,57222.3,57243.9,0,1570,57243.9,71.6017523964859,214.80525718945773,57444.951815434804,-1,False,False,57316.21673809524,57345.37659523809,71.6017523964859,-49.96461904762691,0.6978127961303792,0.045,True,True,False,False,False,False,,False,False,False,-1
2026-06-23 15:10:00+05:30,57243.55,57292.35,57200.6,57210.7,0,1571,57210.7,73.04091293959405,219.12273881878215,57429.82273881878,-1,False,False,57279.56152380952,57316.21673809524,73.04091293959405,-86.51883333333535,1.184525628874433,0.045,True,True,False,False,False,False,,False,False,False,-1
2026-06-23 15:15:00+05:30,57211.75,57215.8,57099.85,57126.65,0,1572,57126.65,76.10584772962336,228.3175431888701,57354.96754318887,-1,False,False,57230.50723809524,57279.56152380952,76.10584772962336,-114.8693571428521,1.509336806166873,0.045,True,True,False,True,False,False,,False,False,False,-1
2026-06-23 15:20:00+05:30,57125.65,57154.6,57097.05,57111.8,0,1573,57111.8,74.78043003464995,224.34129010394986,57336.14129010395,-1,False,False,57179.30247619048,57230.50723809524,74.78043003464995,-136.91426190475613,1.8308835860039332,0.045,True,True,False,False,False,False,,False,False,False,-1
2026-06-23 15:25:00+05:30,57112.65,57123.8,57078.45,57102.65,0,1574,57102.65,72.6782564607468,218.03476938224037,57320.68476938224,-1,False,False,57130.99102380952,57179.30247619048,72.6782564607468,-148.57050000000163,2.0442221268784,0.045,True,True,False,False,False,False,,False,False,False,-1
2026-06-24 09:15:00+05:30,57074.9,57440.1,57074.9,57368.55,0,1575,57368.55,93.57266671355039,280.71800014065116,57087.83199985935,1,True,False,57131.899952380954,57130.99102380952,93.57266671355039,-98.60728571428626,1.0538043766151084,0.045,True,True,False,False,True,False,BUY,False,False,False,-1
2026-06-24 09:20:00+05:30,57367.75,57473.8,57365.9,57451.25,0,1576,57451.25,94.5960476625826,283.78814298774785,57167.461857012255,1,False,False,57182.12704761905,57131.899952380954,94.5960476625826,2.8245714285658323,0.02985929643319643,0.045,True,False,True,False,False,False,,False,False,False,-1
2026-06-24 09:25:00+05:30,57458.15,57544.8,57445.7,57535.8,0,1577,57535.8,94.91775854382713,284.7532756314814,57251.04672436852,1,False,False,57271.398,57182.12704761905,94.91775854382713,140.40697619048296,1.4792487553912446,0.045,True,False,True,False,False,False,,False,False,False,1
2026-06-24 09:30:00+05:30,57534.4,57561.05,57466.35,57476.95,0,1578,57476.95,94.90220436212552,284.70661308637654,57251.04672436852,1,False,False,57366.42502380953,57271.398,94.90220436212552,234.52507142857212,2.471228914069025,0.045,True,False,False,False,False,False,,False,False,False,1
2026-06-24 09:35:00+05:30,57475.2,57522.95,57455.25,57518.7,0,1579,57518.7,92.95918976483063,278.8775692944919,57251.04672436852,1,False,False,57454.42897619047,57366.42502380953,92.95918976483063,272.3019285714254,2.929263145045674,0.045,True,True,False,False,False,False,,False,False,False,1
2026-06-24 09:40:00+05:30,57515.5,57567.25,57474.6,57479.0,0,1580,57479.0,92.93710478162855,278.81131434488566,57251.04672436852,1,False,False,57518.70033333333,57454.42897619047,92.93710478162855,247.3023333333258,2.6609644653166726,0.045,True,True,False,False,False,False,,False,False,False,1
2026-06-24 09:45:00+05:30,57479.8,57508.0,57363.55,57364.75,0,1581,57364.75,96.6165972972263,289.84979189167893,57251.04672436852,1,False,False,57539.26864285715,57518.70033333333,96.6165972972263,172.84361904762045,1.7889640484428702,0.045,True,True,False,False,False,False,,False,False,False,1
2026-06-24 09:50:00+05:30,57361.25,57388.15,57309.95,57334.95,0,1582,57334.95,95.30112606171045,285.9033781851314,57251.04672436852,1,False,False,57519.37011904762,57539.26864285715,95.30112606171045,64.9411428571475,0.6814310128412973,0.045,True,True,False,False,False,False,,False,False,False,1
2026-06-24 09:55:00+05:30,57334.1,57422.65,57332.4,57396.7,0,1583,57396.7,94.94033134301685,284.82099402905055,57251.04672436852,1,False,False,57483.011047619046,57519.37011904762,94.94033134301685,-35.68928571428114,0.3759127992226688,0.045,True,True,False,False,False,False,,False,False,False,-1
2026-06-24 10:00:00+05:30,57398.1,57603.8,57396.2,57569.0,0,1584,57569.0,102.98745053280177,308.96235159840535,57260.037648401594,1,False,False,57468.97345238095,57483.011047619046,102.98745053280177,-70.29519047619397,0.6825607402894662,0.045,True,True,True,False,False,False,,False,False,False,-1
2026-06-24 10:05:00+05:30,57567.7,57615.75,57536.8,57615.45,0,1585,57615.45,101.27048978045858,303.81146934137575,57311.63853065862,1,False,False,57484.66469047618,57468.97345238095,101.27048978045858,-34.70542857144028,0.34270031325687467,0.045,True,True,True,False,False,False,,False,False,False,-1
2026-06-24 10:10:00+05:30,57616.6,57676.5,57606.55,57658.35,0,1586,57658.35,99.03331193899704,297.09993581699115,57361.250064183005,1,False,False,57525.791928571416,57484.66469047618,99.03331193899704,42.78088095237035,0.43198475457149915,0.045,True,True,True,False,False,False,,False,False,False,1
2026-06-24 10:15:00+05:30,57657.65,57713.45,57634.4,57634.4,0,1587,57634.4,97.60593251478267,292.81779754434797,57361.250064183005,1,False,False,57574.77014285714,57525.791928571416,97.60593251478267,105.79669047618518,1.0839165996407236,0.045,True,True,False,False,False,False,,False,False,False,1
2026-06-24 10:20:00+05:30,57636.05,57704.65,57636.05,57701.45,0,1588,57701.45,95.65193733515534,286.955812005466,57414.49418799453,1,False,False,57630.73938095238,57574.77014285714,95.65193733515534,146.07469047619816,1.5271482684596995,0.045,True,True,False,False,False,False,,False,False,False,1
2026-06-24 10:25:00+05:30,57702.45,57716.6,57673.35,57688.0,0,1589,57688.0,91.90894181121567,275.72682543364704,57414.49418799453,1,False,False,57681.16635714285,57630.73938095238,91.90894181121567,155.3744285714347,1.6905257041320252,0.045,False,True,False,False,False,False,,False,False,False,1
2026-06-24 10:30:00+05:30,57686.6,57715.45,57663.5,57689.5,0,1590,57689.5,89.05473168184291,267.16419504552874,57422.33580495447,1,False,False,57718.282642857135,57681.16635714285,89.05473168184291,143.5124999999971,1.6115089820573498,0.045,True,True,False,False,False,False,,False,False,False,1
2026-06-24 10:35:00+05:30,57692.35,57697.75,57654.8,57671.5,0,1591,57671.5,85.76153656171107,257.2846096851332,57422.33580495447,1,False,False,57736.00364285713,57718.282642857135,85.76153656171107,105.26426190475468,1.227406435622922,0.045,True,True,False,False,False,False,,False,False,False,1
2026-06-24 10:40:00+05:30,57672.2,57685.35,57644.25,57649.0,0,1592,57649.0,82.57142680730304,247.7142804219091,57422.33580495447,1,False,False,57733.78647619047,57736.00364285713,82.57142680730304,52.62011904762039,0.6372678913544751,0.045,True,True,False,False,False,False,,False,False,False,1
2026-06-24 10:45:00+05:30,57651.05,57712.35,57647.3,57695.35,0,1593,57695.35,81.3198963210668,243.95968896320042,57451.3903110368,1,False,False,57726.56885714286,57733.78647619047,81.3198963210668,8.2862142857266,0.10189651807979454,0.045,True,True,False,False,False,False,,False,False,False,1
2026-06-24 10:50:00+05:30,57694.05,57719.0,57675.05,57709.5,0,1594,57709.5,78.65061801241896,235.95185403725688,57473.54814596274,1,False,False,57720.5331904762,57726.56885714286,78.65061801241896,-15.470452380934148,0.19669842109176253,0.045,True,True,False,False,False,False,,False,False,False,-1
2026-06-24 10:55:00+05:30,57707.25,57747.85,57698.45,57714.9,0,1595,57714.9,76.56128815438913,229.6838644631674,57485.21613553684,1,False,False,57717.10978571428,57720.5331904762,76.56128815438913,-16.676690476189833,0.2178214457750576,0.045,False,True,False,False,False,False,,False,False,False,-1
2026-06-24 11:00:00+05:30,57713.95,57809.8,57713.55,57778.55,0,1596,57778.55,77.96762471478989,233.90287414436966,57544.647125855634,1,False,False,57726.083904761916,57717.10978571428,77.96762471478989,-0.4849523809461971,0.006219919905475909,0.045,True,True,True,False,False,False,,False,False,False,-1
2026-06-24 11:05:00+05:30,57775.2,57875.35,57771.2,57870.1,0,1597,57870.1,79.8377943780193,239.5133831340579,57630.58661686594,1,False,False,57755.48680952381,57726.083904761916,79.8377943780193,34.953619047613756,0.4378079244287976,0.045,True,True,True,False,False,False,,False,False,False,1
2026-06-24 11:10:00+05:30,57869.25,57882.9,57834.5,57862.95,0,1598,57862.95,77.5922376367323,232.77671291019692,57630.58661686594,1,False,False,57794.90561904762,57755.48680952381,77.5922376367323,77.79583333333721,1.0026239183558294,0.045,True,True,False,False,False,False,,False,False,False,1
2026-06-24 11:15:00+05:30,57860.85,57871.5,57830.15,57848.75,0,1599,57848.75,75.0035063769656,225.0105191308968,57630.58661686594,1,False,False,57833.42392857142,57794.90561904762,75.0035063769656,107.34002380950551,1.4311334095504473,0.045,True,True,False,False,False,False,,False,False,False,1
2026-06-24 11:20:00+05:30,57855.65,57906.25,57850.95,57901.55,0,1600,57901.55,73.75325592146805,221.25976776440416,57680.2902322356,1,False,False,57870.97311904762,57833.42392857142,73.75325592146805,115.48630952381063,1.5658469321921142,0.045,True,True,True,False,False,False,,False,False,False,1
2026-06-24 11:25:00+05:30,57901.7,57930.15,57883.8,57912.1,0,1601,57912.1,71.79588049850595,215.38764149551787,57696.71235850448,1,False,False,57902.981166666665,57870.97311904762,71.79588049850595,108.07554761904612,1.5053168352924529,0.045,True,True,True,False,False,False,,False,False,False,1
2026-06-24 11:30:00+05:30,57915.4,57949.15,57881.35,57946.35,0,1602,57946.35,71.51046046289859,214.53138138869576,57731.8186186113,1,False,False,57932.57326190476,57902.981166666665,71.51046046289859,99.14933333334193,1.3865011173404913,0.045,True,True,True,False,False,False,,False,False,False,1
2026-06-24 11:35:00+05:30,57947.45,57981.2,57938.65,57949.95,0,1603,57949.95,69.44185614411981,208.32556843235943,57741.62443156764,1,False,False,57956.25554761904,57932.57326190476,69.44185614411981,85.28242857141595,1.2281127450628706,0.045,False,True,True,False,False,False,,False,False,False,1
2026-06-24 11:40:00+05:30,57950.6,58041.25,57948.9,58034.75,0,1604,58034.75,71.07815213382544,213.23445640147634,57821.51554359852,1,False,False,57983.90392857142,57956.25554761904,71.07815213382544,80.9227619047524,1.1385040195247564,0.045,True,True,True,False,False,False,,False,False,False,1
2026-06-24 11:45:00+05:30,58034.0,58075.85,58031.1,58070.3,0,1605,58070.3,69.1975698385522,207.5927095156566,57862.707290484344,1,False,False,58017.27804761905,57983.90392857142,69.1975698385522,84.70478571428976,1.2241005849182003,0.045,True,True,True,False,False,False,,False,False,False,1
2026-06-24 11:50:00+05:30,58068.8,58111.9,58065.1,58099.65,0,1606,58099.65,67.59774342151296,202.79323026453886,57896.85676973546,1,False,False,58054.90157142856,58017.27804761905,67.59774342151296,98.6460238095242,1.4593094209433348,0.045,True,True,True,False,False,False,,False,False,False,1
2026-06-24 11:55:00+05:30,58098.2,58128.65,58067.5,58073.15,0,1607,58073.15,67.13719031997643,201.4115709599293,57896.85676973546,1,False,False,58086.15833333334,58054.90157142856,67.13719031997643,102.25440476192307,1.5230664892971795,0.045,True,True,False,False,False,False,,False,False,False,1
2026-06-24 12:00:00+05:30,58071.8,58097.0,58053.0,58090.65,0,1608,58090.65,65.48453386854955,196.45360160564866,57896.85676973546,1,False,False,58109.920333333335,58086.15833333334,65.48453386854955,92.64228571428248,1.414720091010315,0.045,True,True,False,False,False,False,,False,False,False,1
2026-06-24 12:05:00+05:30,58089.95,58100.85,58060.7,58061.2,0,1609,58061.2,63.6749243065104,191.0247729195312,57896.85676973546,1,False,False,58120.34652380952,58109.920333333335,63.6749243065104,65.44495238095988,1.0277978826630265,0.045,True,True,False,False,False,False,,False,False,False,1
2026-06-24 12:10:00+05:30,58063.1,58063.1,58017.15,58022.8,0,1610,58022.8,62.40885828461659,187.22657485384977,57896.85676973546,1,False,False,58114.41885714287,58120.34652380952,62.40885828461659,28.260523809527513,0.4528287263427404,0.045,True,True,False,False,False,False,,False,False,False,1
2026-06-24 12:15:00+05:30,58026.3,58081.95,58023.95,58074.75,0,1611,58074.75,62.17608269285785,186.52824807857354,57896.85676973546,1,False,False,58105.055309523814,58114.41885714287,62.17608269285785,-4.865023809521517,0.07824590419364522,0.045,True,True,False,False,False,False,,False,False,False,-1
2026-06-24 12:20:00+05:30,58073.3,58140.75,58067.9,58134.5,0,1612,58134.5,62.938505357653604,188.8155160729608,57945.68448392704,1,False,False,58103.15385714286,58105.055309523814,62.938505357653604,-17.192666666662262,0.2731661098236035,0.045,True,True,True,False,False,False,,False,False,False,-1
2026-06-24 12:25:00+05:30,58135.7,58140.5,58068.75,58081.45,0,1613,58081.45,63.567897832106915,190.70369349632074,57945.68448392704,1,False,False,58100.30764285715,58103.15385714286,63.567897832106915,-14.111214285716414,0.22198648637062704,0.045,True,True,False,False,False,False,,False,False,False,-1
2026-06-24 12:30:00+05:30,58081.5,58084.6,57983.55,58025.3,0,1614,58025.3,66.24519084409897,198.7355725322969,57945.68448392704,1,False,False,58090.01435714285,58100.30764285715,66.24519084409897,-15.040952380964882,0.22704972526024067,0.045,True,True,False,False,False,False,,False,False,False,-1
2026-06-24 12:35:00+05:30,58026.35,58026.7,57961.55,57998.1,0,1615,57998.1,66.16696292666292,198.50088877998877,57945.68448392704,1,False,False,58070.25845238095,58090.01435714285,66.16696292666292,-32.89540476191178,0.4971575436879559,0.045,True,True,False,False,False,False,,False,False,False,-1
2026-06-24 12:40:00+05:30,58000.15,58049.2,57996.15,58045.45,0,1616,58045.45,65.23003700332954,195.69011100998864,57945.68448392704,1,False,False,58053.246499999994,58070.25845238095,65.23003700332954,-47.06114285715739,0.721464298031216,0.045,True,True,False,False,False,False,,False,False,False,-1
2026-06-24 12:45:00+05:30,58045.7,58054.9,58024.75,58026.2,0,1617,58026.2,62.72432007452039,188.17296022356118,57945.68448392704,1,False,False,58038.89357142856,58053.246499999994,62.72432007452039,-51.120785714287194,0.815007411057665,0.045,True,True,False,False,False,False,,False,False,False,-1
2026-06-24 12:50:00+05:30,58023.65,58055.7,58011.6,58049.1,0,1618,58049.1,61.39401149776883,184.1820344933065,57945.68448392704,1,False,False,58031.01638095238,58038.89357142856,61.39401149776883,-39.242071428569034,0.6391840257904496,0.045,True,True,False,False,False,False,,False,False,False,-1
2026-06-24 12:55:00+05:30,58051.25,58096.65,58043.2,58096.5,0,1619,58096.5,60.826582105071374,182.47974631521413,57945.68448392704,1,False,False,58035.02395238095,58031.01638095238,60.826582105071374,-18.222547619043326,0.29958197532068853,0.045,True,True,False,False,False,False,,False,False,False,-1
2026-06-24 13:00:00+05:30,58095.05,58114.3,58020.9,58028.15,0,1620,58028.15,63.153254811852094,189.45976443555628,57945.68448392704,1,False,False,58037.274071428576,58035.02395238095,63.153254811852094,-1.6194999999861466,0.025643967279453853,0.045,True,True,False,False,False,False,,False,False,False,-1
2026-06-24 13:05:00+05:30,58026.6,58038.7,57995.45,58035.65,0,1621,58035.65,61.73159375386266,185.194781261588,57945.68448392704,1,False,False,58040.00307142858,58037.274071428576,61.73159375386266,8.986690476202057,0.1455768420953775,0.045,False,True,False,False,False,False,,False,False,False,1
2026-06-24 13:10:00+05:30,58033.75,58070.3,58021.65,58063.8,0,1622,58063.8,60.79719420001543,182.3915826000463,57945.68448392704,1,False,False,58045.70033333333,58040.00307142858,60.79719420001543,10.676380952376348,0.17560647481941918,0.045,True,True,False,False,False,False,,False,False,False,1
2026-06-24 13:15:00+05:30,58061.45,58151.15,58043.1,58150.95,0,1623,58150.95,64.17239461430026,192.51718384290078,57958.432816157096,1,False,False,58063.933190476186,58045.70033333333,64.17239461430026,26.659119047610147,0.41542970630660236,0.045,True,True,True,False,False,False,,False,False,False,1
2026-06-24 13:20:00+05:30,58153.1,58172.65,58116.6,58120.6,0,1624,58120.6,63.59222357042188,190.77667071126564,57958.432816157096,1,False,False,58085.57692857143,58063.933190476186,63.59222357042188,45.573857142844645,0.7166577072490045,0.045,True,True,False,False,False,False,,False,False,False,1
2026-06-24 13:25:00+05:30,58119.5,58157.35,58112.05,58152.65,0,1625,58152.65,62.28563617253429,186.85690851760288,57965.793091482396,1,False,False,58110.577785714275,58085.57692857143,62.28563617253429,64.87745238094794,1.0416117803025113,0.045,True,True,False,False,False,False,,False,False,False,1
2026-06-24 13:30:00+05:30,58152.75,58176.45,58141.55,58172.55,0,1626,58172.55,60.32951930306714,180.9885579092014,57991.5614420908,1,False,False,58136.756357142855,58110.577785714275,60.32951930306714,72.82316666666884,1.20709011952904,0.045,True,True,False,False,False,False,,False,False,False,1
2026-06-24 13:35:00+05:30,58171.15,58223.8,58164.3,58172.55,0,1627,58172.55,60.27026792427663,180.8108037728299,57991.73919622717,1,False,False,58160.50678571428,58136.756357142855,60.27026792427663,74.92985714285169,1.2432308619731594,0.045,True,True,False,False,False,False,,False,False,False,1
2026-06-24 13:40:00+05:30,58171.8,58198.05,58164.3,58188.4,0,1628,58188.4,58.37596307254258,175.12788921762774,58013.272110782375,1,False,False,58182.00473809524,58160.50678571428,58.37596307254258,71.42695238096348,1.2235678628925182,0.045,True,True,False,False,False,False,,False,False,False,1
2026-06-24 13:45:00+05:30,58191.55,58233.65,58191.25,58206.5,0,1629,58206.5,57.43839428164669,172.31518284494007,58034.18481715506,1,False,False,58200.37416666666,58182.00473809524,57.43839428164669,63.6178095238065,1.1075833563845694,0.045,True,True,False,False,False,False,,False,False,False,1
2026-06-24 13:50:00+05:30,58206.55,58213.3,58182.45,58209.85,0,1630,58209.85,55.53922326152948,166.61766978458843,58043.23233021541,1,False,False,58213.90149999999,58200.37416666666,55.53922326152948,53.394714285714144,0.9613874870788699,0.045,False,True,False,False,False,False,,False,False,False,1
2026-06-24 13:55:00+05:30,58210.75,58218.9,58160.85,58185.8,0,1631,58185.8,55.718564457134725,167.15569337140417,58043.23233021541,1,False,False,58219.843357142854,58213.90149999999,55.718564457134725,37.83861904761579,0.6791025471721496,0.045,True,True,False,False,False,False,,False,False,False,1
2026-06-24 14:00:00+05:30,58183.75,58190.9,58130.75,58150.15,0,1632,58150.15,56.035095567339496,168.10528670201847,58043.23233021541,1,False,False,58214.195738095244,58219.843357142854,56.035095567339496,13.821571428583411,0.2466591925764364,0.045,True,True,False,False,False,False,,False,False,False,1
2026-06-24 14:05:00+05:30,58152.6,58157.3,58097.0,58113.95,0,1633,58113.95,56.33973159824403,169.01919479473207,58043.23233021541,1,False,False,58195.8425952381,58214.195738095244,56.33973159824403,-18.058904761892336,0.32053586784313304,0.045,True,True,False,False,False,False,,False,False,False,-1
2026-06-24 14:10:00+05:30,58114.2,58178.1,58106.75,58154.55,0,1634,58154.55,57.411893626940774,172.23568088082231,58043.23233021541,1,False,False,58177.15742857143,58195.8425952381,57.411893626940774,-42.685928571423574,0.7435032338211018,0.045,True,True,False,False,False,False,,False,False,False,-1
2026-06-24 14:15:00+05:30,58155.1,58195.2,58138.35,58188.7,0,1635,58188.7,57.371758367873475,172.11527510362043,58043.23233021541,1,False,False,58166.20095238094,58177.15742857143,57.371758367873475,-47.99478571430518,0.8365576910952911,0.045,True,True,False,False,False,False,,False,False,False,-1
2026-06-24 14:20:00+05:30,58185.95,58216.15,58155.85,58191.15,0,1636,58191.15,57.58091848445415,172.74275545336246,58043.23233021541,1,False,False,58163.3161190476,58166.20095238094,57.58091848445415,-32.526476190498215,0.5648828995195656,0.045,True,True,False,False,False,False,,False,False,False,-1
2026-06-24 14:25:00+05:30,58189.15,58200.6,58152.15,58170.4,0,1637,58170.4,56.928710021278654,170.78613006383597,58043.23233021541,1,False,False,58163.93811904761,58163.3161190476,56.928710021278654,-13.219309523818083,0.23220813397804038,0.045,True,True,False,False,False,False,,False,False,False,-1
2026-06-24 14:30:00+05:30,58170.25,58183.3,58128.05,58177.65,0,1638,58177.65,56.8088021626159,170.4264064878477,58043.23233021541,1,False,False,58167.202999999994,58163.93811904761,56.8088021626159,1.0020476190547924,0.01763894996740855,0.045,True,True,False,False,False,False,,False,False,False,-1
2026-06-24 14:35:00+05:30,58176.65,58181.05,58115.35,58146.4,0,1639,58146.4,57.44388772242936,172.33166316728807,58043.23233021541,1,False,False,58167.20680952381,58167.202999999994,57.44388772242936,3.890690476204327,0.06773027784965154,0.045,True,True,False,False,False,False,,False,False,False,1
2026-06-24 14:40:00+05:30,58148.55,58195.45,58133.7,58170.5,0,1640,58170.5,57.75146717082726,173.2544015124818,58043.23233021541,1,False,False,58168.33114285713,58167.20680952381,57.75146717082726,4.393023809519946,0.07606774381204033,0.045,False,True,False,False,False,False,,False,False,False,1
2026-06-24 14:45:00+05:30,58172.4,58187.3,58120.65,58171.55,0,1641,58171.55,58.38707665862542,175.16122997587627,58043.23233021541,1,False,False,58169.19902380953,58168.33114285713,58.38707665862542,1.9960238095372915,0.0341860549245776,0.045,False,True,False,False,False,False,,False,False,False,1
2026-06-24 14:50:00+05:30,58171.0,58240.8,58163.8,58226.1,0,1642,58226.1,59.716571183009314,179.14971354902795,58046.95028645097,1,False,False,58177.25161904762,58169.19902380953,59.716571183009314,10.044809523817094,0.1682080756618368,0.045,True,True,True,False,False,False,,False,False,False,1
2026-06-24 14:55:00+05:30,58226.75,58256.35,58169.6,58191.85,0,1643,58191.85,61.64753038422293,184.9425911526688,58046.95028645097,1,False,False,58185.15902380952,58177.25161904762,61.64753038422293,16.827880952390842,0.27296926328613313,0.045,True,True,False,False,False,False,,False,False,False,1
2026-06-24 15:00:00+05:30,58193.05,58202.15,58121.9,58187.85,0,1644,58187.85,62.9762782139213,188.9288346417639,58046.95028645097,1,False,False,58191.33092857143,58185.15902380952,62.9762782139213,22.131904761896294,0.35143240263766334,0.045,False,True,False,False,False,False,,False,False,False,1
2026-06-24 15:05:00+05:30,58188.15,58188.55,58134.3,58156.7,0,1645,58156.7,62.35297262721264,187.0589178816379,58046.95028645097,1,False,False,58190.758571428574,58191.33092857143,62.35297262721264,13.506952380950679,0.21662082514821202,0.045,True,True,False,False,False,False,,False,False,False,1
2026-06-24 15:10:00+05:30,58155.15,58157.6,58096.0,58111.35,0,1646,58111.35,62.29918886812592,186.89756660437774,58046.95028645097,1,False,False,58178.341,58190.758571428574,62.29918886812592,-6.818023809522856,0.10944000930662447,0.045,True,True,False,True,False,False,,False,False,False,-1
2026-06-24 15:15:00+05:30,58109.05,58152.8,58093.95,58129.9,0,1647,58129.9,62.052818234688765,186.1584547040663,58046.95028645097,1,False,False,58162.13385714286,58178.341,62.052818234688765,-29.19707142857078,0.470519667908476,0.045,True,True,False,False,False,False,,False,False,False,-1
2026-06-24 15:20:00+05:30,58129.05,58161.4,58123.75,58161.4,0,1648,58161.4,60.309759789353954,180.92927936806186,58046.95028645097,1,False,False,58150.07861904761,58162.13385714286,60.309759789353954,-40.679952380967734,0.6745169027874104,0.045,True,True,False,False,False,False,,False,False,False,-1
2026-06-24 15:25:00+05:30,58158.55,58196.3,58135.5,58172.7,0,1649,58172.7,60.34477694725745,181.03433084177234,58046.95028645097,1,False,False,58144.6236190476,58150.07861904761,60.34477694725745,-33.71738095240289,0.5587456389452323,0.045,True,True,False,False,False,False,,False,False,False,-1
2026-06-25 09:15:00+05:30,58493.85,58505.1,58358.65,58396.75,0,1650,58396.75,79.77729287959632,239.33187863878896,58157.41812136121,1,False,False,58178.788071428564,58144.6236190476,79.77729287959632,16.654214285706985,0.20875882954366873,0.045,True,True,True,False,False,False,,False,False,False,1
2026-06-25 09:20:00+05:30,58399.7,58466.75,58398.1,58460.05,0,1651,58460.05,79.078914816768,237.236744450304,58222.8132555497,1,False,False,58245.35645238096,58178.788071428564,79.078914816768,95.27783333335537,1.2048449773763528,0.045,True,True,False,False,False,False,,False,False,False,1
2026-06-25 09:25:00+05:30,58466.95,58478.4,58421.6,58434.9,0,1652,58434.9,77.48756375842764,232.4626912752829,58222.8132555497,1,False,False,58322.37823809524,58245.35645238096,77.48756375842764,177.75461904764234,2.2939760966263383,0.045,True,True,False,False,False,False,,False,False,False,1
2026-06-25 09:30:00+05:30,58441.5,58475.65,58387.85,58462.2,0,1653,58462.2,78.22416634711158,234.67249904133473,58227.52750095866,1,False,False,58399.35150000001,58322.37823809524,78.22416634711158,220.56342857144773,2.819632843291938,0.045,True,True,False,False,False,False,,False,False,False,1
2026-06-25 09:35:00+05:30,58460.7,58475.2,58436.55,58469.1,0,1654,58469.1,75.39744017946033,226.192320538381,58242.90767946162,1,False,False,58462.164142857146,58399.35150000001,75.39744017946033,216.80769047618378,2.8755311846150216,0.045,False,True,False,False,False,False,,False,False,False,1
2026-06-25 09:40:00+05:30,58468.85,58474.0,58431.95,58457.7,0,1655,58457.7,73.01548016664195,219.04644049992584,58242.90767946162,1,False,False,58504.821071428574,58462.164142857146,73.01548016664195,182.44283333333442,2.498687030708397,0.045,True,True,False,False,False,False,,False,False,False,1
2026-06-25 09:45:00+05:30,58464.9,58526.15,58459.35,58515.7,0,1656,58515.7,72.68937444045355,218.06812332136064,58297.631876678635,1,False,False,58536.29385714285,58504.821071428574,72.68937444045355,136.9423571428415,1.883939134116822,0.045,True,True,True,False,False,False,,False,False,False,1
2026-06-25 09:50:00+05:30,58519.8,58523.65,58479.8,58492.65,0,1657,58492.65,70.6294191232782,211.8882573698346,58297.631876678635,1,False,False,58549.47223809523,58536.29385714285,70.6294191232782,87.3080952380842,1.2361434699851441,0.045,True,True,False,False,False,False,,False,False,False,1
2026-06-25 09:55:00+05:30,58489.7,58510.4,58468.35,58468.6,0,1658,58468.6,68.58803204304425,205.76409612913275,58297.631876678635,1,False,False,58546.48016666665,58549.47223809523,68.58803204304425,41.65909523807932,0.6073814045566294,0.045,True,True,False,False,False,False,,False,False,False,1
2026-06-25 10:00:00+05:30,58470.4,58472.8,58402.85,58432.2,0,1659,58432.2,68.6853154685414,206.0559464056242,58297.631876678635,1,False,False,58529.37764285713,58546.48016666665,68.6853154685414,-6.9162142857239814,0.10069422027903009,0.045,True,True,False,False,False,False,,False,False,False,-1
2026-06-25 10:05:00+05:30,58433.9,58439.05,58380.3,58413.55,0,1660,58413.55,67.9756500779313,203.92695023379392,58297.631876678635,1,False,False,58501.7013095238,58529.37764285713,67.9756500779313,-47.77092857142998,0.7027653066452849,0.045,True,True,False,False,False,False,,False,False,False,-1
2026-06-25 10:10:00+05:30,58416.6,58478.5,58392.3,58473.0,0,1661,58473.0,69.27738935807886,207.8321680742366,58297.631876678635,1,False,False,58480.54197619046,58501.7013095238,69.27738935807886,-65.93819047619036,0.951799585509365,0.045,True,True,False,False,False,False,,False,False,False,-1
2026-06-25 10:15:00+05:30,58471.8,58494.4,58404.3,58432.6,0,1662,58432.6,70.76471868964455,212.29415606893366,58297.631876678635,1,False,False,58461.16566666666,58480.54197619046,70.76471868964455,-68.2119761904687,0.9639263386268586,0.045,True,True,False,False,False,False,,False,False,False,-1
2026-06-25 10:20:00+05:30,58434.3,58435.2,58389.3,58407.5,0,1663,58407.5,68.98866735466952,206.96600206400853,58297.631876678635,1,False,False,58441.539142857146,58461.16566666666,68.98866735466952,-60.16216666665423,0.872058686934212,0.045,True,True,False,False,False,False,,False,False,False,-1
2026-06-25 10:25:00+05:30,58413.0,58450.6,58400.9,58420.8,0,1664,58420.8,67.61090540076434,202.832716202293,58297.631876678635,1,False,False,58426.85119047619,58441.539142857146,67.61090540076434,-53.69078571427235,0.794114283724196,0.045,False,True,False,False,False,False,,False,False,False,-1
2026-06-25 10:30:00+05:30,58423.0,58463.65,58408.9,58435.5,0,1665,58435.5,66.69226930070974,200.07680790212922,58297.631876678635,1,False,False,58418.76819047619,58426.85119047619,66.69226930070974,-42.397476190468296,0.6357180020266172,0.045,True,True,False,False,False,False,,False,False,False,-1
2026-06-25 10:35:00+05:30,58438.5,58456.4,58423.1,58436.0,0,1666,58436.0,64.3071072078021,192.9213216234063,58297.631876678635,1,False,False,58417.32159523809,58418.76819047619,64.3071072078021,-24.21754761905322,0.3765920855496826,0.045,True,True,False,False,False,False,,False,False,False,-1
2026-06-25 10:40:00+05:30,58441.55,58462.8,58428.6,58442.1,0,1667,58442.1,62.156599550102264,186.46979865030679,58297.631876678635,1,False,False,58420.9938095238,58417.32159523809,62.156599550102264,-5.857380952387757,0.094235865455708,0.045,True,True,False,False,False,False,,False,False,False,-1
2026-06-25 10:45:00+05:30,58442.25,58477.5,58435.9,58475.15,0,1668,58475.15,60.688271010809146,182.06481303242742,58297.631876678635,1,False,False,58430.75166666666,58420.9938095238,60.688271010809146,11.983476190471265,0.19745950891131658,0.045,True,True,False,False,False,False,,False,False,False,1
2026-06-25 10:50:00+05:30,58476.25,58476.8,58402.45,58402.45,0,1669,58402.45,61.664108795751766,184.9923263872553,58297.631876678635,1,False,False,58433.40128571428,58430.75166666666,61.664108795751766,16.07969047618826,0.26076255361848416,0.045,True,True,False,False,False,False,,False,False,False,1
2026-06-25 10:55:00+05:30,58403.95,58422.7,58385.4,58419.25,0,1670,58419.25,59.923815310340615,179.77144593102184,58297.631876678635,1,False,False,58433.31516666666,58433.40128571428,59.923815310340615,12.321357142856868,0.2056170335457706,0.045,True,True,False,False,False,False,,False,False,False,1
2026-06-25 11:00:00+05:30,58419.15,58431.3,58389.25,58420.3,0,1671,58420.3,58.64711421674507,175.94134265023519,58297.631876678635,1,False,False,58430.65435714286,58433.31516666666,58.64711421674507,-0.0973095238005044,0.0016592380562984348,0.045,True,True,False,False,False,False,,False,False,False,1
2026-06-25 11:05:00+05:30,58425.25,58466.85,58413.05,58460.0,0,1672,58460.0,58.300891772691536,174.9026753180746,58297.631876678635,1,False,False,58432.02523809524,58430.65435714286,58.300891772691536,-1.3760476190436748,0.0236025140817524,0.045,True,True,False,False,False,False,,False,False,False,1
2026-06-25 11:10:00+05:30,58457.55,58465.4,58435.15,58448.35,0,1673,58448.35,56.297256646070714,168.89176993821215,58297.631876678635,1,False,False,58435.62985714285,58432.02523809524,56.297256646070714,2.3146904761888436,0.04111551102286968,0.045,True,True,False,False,False,False,,False,False,False,1
2026-06-25 11:15:00+05:30,58451.0,58455.9,58409.15,58423.7,0,1674,58423.7,55.61530974277995,166.84592922833986,58297.631876678635,1,False,False,58436.14011904762,58435.62985714285,55.61530974277995,5.485761904754327,0.09863762208870006,0.045,True,True,False,False,False,False,,False,False,False,1
2026-06-25 11:20:00+05:30,58426.9,58449.65,58414.2,58418.65,0,1675,58418.65,54.174930475438835,162.5247914263165,58297.631876678635,1,False,False,58433.71371428572,58436.14011904762,54.174930475438835,1.6884761904802872,0.031167113195388185,0.045,True,True,False,False,False,False,,False,False,False,1
2026-06-25 11:25:00+05:30,58420.6,58438.75,58408.15,58436.95,0,1676,58436.95,52.49100687005024,157.47302061015074,58297.631876678635,1,False,False,58432.68264285715,58433.71371428572,52.49100687005024,-2.947214285697555,0.05614703282400066,0.045,False,True,False,False,False,False,,False,False,False,-1
2026-06-25 11:30:00+05:30,58434.6,58452.55,58418.75,58452.25,0,1677,58452.25,51.15593495076115,153.46780485228345,58298.782195147716,1,False,False,58434.930047619055,58432.68264285715,51.15593495076115,-1.2100714285625145,0.023654565784541677,0.045,True,True,False,False,False,False,,False,False,False,-1
2026-06-25 11:35:00+05:30,58451.95,58459.0,58426.65,58453.4,0,1678,58453.4,49.81265388284953,149.4379616485486,58303.962038351456,1,False,False,58439.53142857143,58434.930047619055,49.81265388284953,5.817714285709371,0.11679189587833638,0.045,True,True,False,False,False,False,,False,False,False,1
2026-06-25 11:40:00+05:30,58451.9,58466.6,58443.7,58462.8,0,1679,58462.8,47.8903214626461,143.67096438793828,58319.129035612066,1,False,False,58445.897404761905,58439.53142857143,47.8903214626461,13.214761904753686,0.27593804971764596,0.045,True,True,False,False,False,False,,False,False,False,1
2026-06-25 11:45:00+05:30,58464.4,58500.3,58460.05,58489.1,0,1680,58489.1,47.344584215314235,142.0337526459427,58347.06624735406,1,False,False,58456.579428571415,58445.897404761905,47.344584215314235,21.649380952359934,0.45727259645797363,0.045,True,True,True,False,False,False,,False,False,False,1
2026-06-25 11:50:00+05:30,58491.0,58513.1,58481.3,58500.25,0,1681,58500.25,46.2342567713629,138.7027703140887,58361.54722968591,1,False,False,58470.97342857142,58456.579428571415,46.2342567713629,31.44199999999546,0.6800585149553082,0.045,True,True,False,False,False,False,,False,False,False,1
2026-06-25 11:55:00+05:30,58494.6,58570.7,58488.85,58566.4,0,1682,58566.4,48.778238430551156,146.33471529165348,58420.06528470835,1,False,False,58495.68876190476,58470.97342857142,48.778238430551156,49.79135714285803,1.0207698913471286,0.045,True,True,True,False,False,False,,False,False,False,1
2026-06-25 12:00:00+05:30,58568.6,58650.75,58565.3,58621.0,0,1683,58621.0,51.39764997122587,154.1929499136776,58466.807050086325,1,False,False,58531.64757142858,58495.68876190476,51.39764997122587,75.06814285716246,1.4605364817105086,0.045,True,True,True,False,False,False,,False,False,False,1
2026-06-25 12:05:00+05:30,58619.75,58659.05,58614.2,58654.3,0,1684,58654.3,50.929960687567295,152.78988206270188,58501.5101179373,1,False,False,58575.20154761905,58531.64757142858,50.929960687567295,104.22811904762784,2.046499106626473,0.045,True,True,True,False,False,False,,False,False,False,1
2026-06-25 12:10:00+05:30,58655.85,58700.8,58649.8,58673.35,0,1685,58673.35,50.934963495598204,152.80489048679462,58520.5451095132,1,False,False,58621.01678571429,58575.20154761905,50.934963495598204,125.3280238095249,2.460549987836071,0.045,True,True,True,False,False,False,,False,False,False,1
2026-06-25 12:15:00+05:30,58673.8,58706.05,58670.5,58690.1,0,1686,58690.1,49.836037531627106,149.5081125948813,58540.59188740512,1,False,False,58663.66838095237,58621.01678571429,49.836037531627106,132.02080952379038,2.6491032606676828,0.045,True,True,False,False,False,False,,False,False,False,1
2026-06-25 12:20:00+05:30,58695.4,58699.85,58618.7,58633.45,0,1687,58633.45,52.072749136510986,156.21824740953295,58540.59188740512,1,False,False,58689.31866666665,58663.66838095237,52.072749136510986,114.11711904760159,2.1914940336343407,0.045,True,True,False,False,False,False,,False,False,False,1
2026-06-25 12:25:00+05:30,58636.8,58637.7,58508.85,58533.25,0,1688,58533.25,57.55683848390295,172.67051545170887,58705.92051545171,-1,False,True,58684.456357142844,58689.31866666665,57.55683848390295,63.43957142855652,1.102207367527645,0.045,True,True,False,False,False,True,SELL,False,False,False,1
2026-06-25 12:30:00+05:30,58534.8,58562.35,58476.1,58516.5,0,1689,58516.5,59.606350020767024,178.81905006230107,58695.3190500623,-1,False,False,58655.346404761905,58684.456357142844,59.606350020767024,-8.32197619046201,0.13961559779390298,0.045,True,False,False,False,False,False,,False,False,False,-1
2026-06-25 12:35:00+05:30,58518.95,58576.55,58506.9,58571.1,0,1690,58571.1,60.323753590712336,180.97126077213701,58695.3190500623,-1,False,False,58621.26711904762,58655.346404761905,60.323753590712336,-68.05154761903395,1.128105324492132,0.045,True,False,False,False,False,False,,False,False,False,-1
2026-06-25 12:40:00+05:30,58576.2,58576.6,58523.2,58530.45,0,1691,58530.45,59.829199762804414,179.48759928841324,58695.3190500623,-1,False,False,58584.497571428576,58621.26711904762,59.829199762804414,-99.95878571426874,1.6707357964097782,0.045,True,False,False,False,False,False,,False,False,False,-1
2026-06-25 12:45:00+05:30,58533.15,58549.65,58498.8,58530.7,0,1692,58530.7,59.187828351175426,177.56348505352628,58695.3190500623,-1,False,False,58552.73992857143,58584.497571428576,59.187828351175426,-102.60647619047813,1.733573929789915,0.045,True,True,False,False,False,False,,False,False,False,-1
2026-06-25 12:50:00+05:30,58531.2,58565.05,58524.4,58558.25,0,1693,58558.25,57.863697754663,173.591093263989,58695.3190500623,-1,False,False,58532.737,58552.73992857143,57.863697754663,-88.53011904761661,1.5299768677587204,0.045,True,True,False,False,False,False,,False,False,False,-1
2026-06-25 12:55:00+05:30,58556.3,58568.8,58535.25,58557.1,0,1694,58557.1,56.12700505790156,168.3810151737047,58695.3190500623,-1,False,False,58523.934571428574,58532.737,56.12700505790156,-60.56300000000192,1.079034948284237,0.045,True,True,False,False,False,False,,False,False,False,-1
2026-06-25 13:00:00+05:30,58557.85,58615.35,58539.1,58581.9,0,1695,58581.9,57.56436183948002,172.69308551844006,58695.3190500623,-1,False,False,58529.35523809524,58523.934571428574,57.56436183948002,-23.384690476188553,0.4062355549323638,0.045,True,True,False,False,False,False,,False,False,False,-1
2026-06-25 13:05:00+05:30,58589.0,58598.5,58549.5,58570.05,0,1696,58570.05,56.95262170808859,170.85786512426577,58695.3190500623,-1,False,False,58540.60107142858,58529.35523809524,56.95262170808859,7.8640714285793365,0.1380809380275194,0.045,True,True,False,False,False,False,,False,False,False,1
2026-06-25 13:10:00+05:30,58565.15,58579.55,58488.5,58498.4,0,1697,58498.4,59.38814872893961,178.16444618681885,58676.56444618682,-1,False,False,58541.73885714286,58540.60107142858,59.38814872893961,17.80428571428638,0.2997952637915858,0.045,True,True,False,False,False,False,,False,False,False,1
2026-06-25 13:15:00+05:30,58495.05,58541.2,58479.6,58536.05,0,1698,58536.05,59.54613810544382,178.63841431633148,58676.56444618682,-1,False,False,58541.10114285715,58541.73885714286,59.54613810544382,11.745904761912243,0.19725720484362377,0.045,False,True,False,False,False,False,,False,False,False,1
2026-06-25 13:20:00+05:30,58535.55,58541.25,58490.2,58526.7,0,1699,58526.7,58.93927109791233,176.817813293737,58676.56444618682,-1,False,False,58537.11407142858,58541.10114285715,58.93927109791233,-3.4870000000009895,0.05916259117300997,0.045,True,True,False,False,False,False,,False,False,False,-1
2026-06-25 13:25:00+05:30,58528.75,58538.9,58473.5,58494.2,0,1700,58494.2,59.40075173377584,178.20225520132752,58672.40225520133,-1,False,False,58526.98945238096,58537.11407142858,59.40075173377584,-14.749404761896585,0.2483033350823729,0.045,True,True,False,False,False,False,,False,False,False,-1
2026-06-25 13:30:00+05:30,58496.45,58524.6,58465.2,58513.95,0,1701,58513.95,59.40069803850624,178.20209411551872,58672.40225520133,-1,False,False,58517.72904761906,58526.98945238096,59.40069803850624,-23.37209523808997,0.3934649930029292,0.045,False,True,False,False,False,False,,False,False,False,-1
2026-06-25 13:35:00+05:30,58514.95,58554.3,58508.95,58548.15,0,1702,58548.15,58.397076750041926,175.19123025012578,58672.40225520133,-1,False,False,58514.14657142859,58517.72904761906,58.397076750041926,-22.96749999999156,0.3932987964157824,0.045,True,True,False,False,False,False,,False,False,False,-1
2026-06-25 13:40:00+05:30,58549.4,58574.6,58530.15,58547.0,0,1703,58547.0,57.40085698218159,172.20257094654477,58672.40225520133,-1,False,False,58516.449119047626,58514.14657142859,57.40085698218159,-10.540333333337912,0.1836267590327066,0.045,True,True,False,False,False,False,,False,False,False,-1
2026-06-25 13:45:00+05:30,58548.4,58563.25,58523.95,58539.95,0,1704,58539.95,56.107938626311686,168.32381587893505,58672.40225520133,-1,False,False,58523.02361904762,58516.449119047626,56.107938626311686,5.2945714285597205,0.09436403400635439,0.045,True,True,False,False,False,False,,False,False,False,1
2026-06-25 13:50:00+05:30,58545.45,58551.5,58481.6,58485.65,0,1705,58485.65,57.093085867289524,171.27925760186858,58656.92925760187,-1,False,False,58522.00847619048,58523.02361904762,57.093085867289524,7.8619047618922195,0.1377032725147645,0.045,True,True,False,False,False,False,,False,False,False,1
2026-06-25 13:55:00+05:30,58482.45,58489.95,58433.0,58444.55,0,1706,58444.55,57.082865448197204,171.24859634459162,58615.7985963446,-1,False,False,58509.3657857143,58522.00847619048,57.082865448197204,-7.083333333328483,0.12408860833653523,0.045,True,True,False,True,False,False,,False,False,False,-1
2026-06-25 14:00:00+05:30,58447.7,58460.05,58421.05,58443.3,0,1707,58443.3,55.7912322018974,167.3736966056922,58610.67369660569,-1,False,False,58490.29,58509.3657857143,55.7912322018974,-32.73361904761987,0.5867161873959584,0.045,True,True,False,False,False,False,,False,False,False,-1
2026-06-25 14:05:00+05:30,58445.35,58445.35,58366.75,58367.75,0,1708,58367.75,57.42042990176177,172.26128970528532,58540.01128970528,-1,False,False,58457.82985714285,58490.29,57.42042990176177,-64.17861904762685,1.117696596097023,0.045,True,True,False,True,False,False,,False,False,False,-1
2026-06-25 14:10:00+05:30,58368.95,58371.25,58273.0,58276.55,0,1709,58276.55,60.33682776592165,181.01048329776495,58457.56048329777,-1,False,False,58407.62945238095,58457.82985714285,60.33682776592165,-101.73633333334874,1.68613990990772,0.045,True,True,False,True,False,False,,False,False,False,-1
2026-06-25 14:15:00+05:30,58276.7,58286.0,58220.05,58233.45,0,1710,58233.45,60.73776863978418,182.21330591935254,58415.66330591935,-1,False,False,58345.691095238086,58407.62945238095,60.73776863978418,-144.59890476191504,2.3807082150067744,0.045,True,True,False,True,False,False,,False,False,False,-1
2026-06-25 14:20:00+05:30,58234.6,58278.5,58202.35,58243.45,0,1711,58243.45,61.83864230837113,185.51592692511338,58415.66330591935,-1,False,False,58285.6260952381,58345.691095238086,61.83864230837113,-172.20376190475508,2.784727404686952,0.045,True,True,False,False,False,False,,False,False,False,-1
2026-06-25 14:25:00+05:30,58246.35,58274.85,58201.05,58263.2,0,1712,58263.2,62.69302500063002,188.07907500189006,58415.66330591935,-1,False,False,58240.472833333326,58285.6260952381,62.69302500063002,-167.15661904762237,2.666271392167511,0.045,True,True,False,False,False,False,,False,False,False,-1
2026-06-25 14:30:00+05:30,58267.75,58284.2,58230.15,58242.7,0,1713,58242.7,62.075666072013284,186.22699821603985,58415.66330591935,-1,False,False,58210.06716666666,58240.472833333326,62.075666072013284,-135.6239285714255,2.1848163242274308,0.045,True,True,False,False,False,False,,False,False,False,-1
2026-06-25 14:35:00+05:30,58242.5,58324.25,58233.2,58261.0,0,1714,58261.0,64.14526135258397,192.4357840577519,58415.66330591935,-1,False,False,58196.24711904762,58210.06716666666,64.14526135258397,-89.37897619047726,1.3933839274454338,0.045,True,True,False,False,False,False,,False,False,False,-1
2026-06-25 14:40:00+05:30,58262.85,58273.55,58159.1,58165.9,0,1715,58165.9,67.73845697025686,203.2153709107706,58369.115370910775,-1,False,False,58182.08021428572,58196.24711904762,67.73845697025686,-58.39261904760497,0.8620305460049741,0.045,True,True,False,True,False,False,,False,False,False,-1
2026-06-25 14:45:00+05:30,58170.45,58202.6,58140.1,58141.1,0,1716,58141.1,67.36428147238136,202.09284441714408,58343.19284441714,-1,False,False,58165.758380952386,58182.08021428572,67.36428147238136,-44.30878571427456,0.6577489545767766,0.045,True,True,False,True,False,False,,False,False,False,-1
2026-06-25 14:50:00+05:30,58148.5,58273.05,58141.4,58243.3,0,1717,58243.3,71.97754708149729,215.9326412444919,58343.19284441714,-1,False,False,58164.376547619046,58165.758380952386,71.97754708149729,-31.870571428575204,0.44278490613870786,0.045,True,True,False,False,False,False,,False,False,False,-1
2026-06-25 14:55:00+05:30,58242.75,58251.8,58174.15,58198.65,0,1718,58198.65,72.38272228996188,217.14816686988564,58343.19284441714,-1,False,False,58165.98416666667,58164.376547619046,72.38272228996188,-16.096047619052115,0.22237416761657683,0.045,True,True,False,False,False,False,,False,False,False,-1
2026-06-25 15:00:00+05:30,58200.9,58200.9,58109.85,58161.2,0,1719,58161.2,73.71609926925053,221.1482978077516,58343.19284441714,-1,False,False,58164.943952380956,58165.98416666667,73.71609926925053,-0.8144285714297439,0.011048177799737017,0.045,False,True,False,False,False,False,,False,False,False,-1
2026-06-25 15:05:00+05:30,58163.3,58208.8,58117.4,58184.15,0,1720,58184.15,74.97923503573273,224.93770510719818,58343.19284441714,-1,False,False,58165.14702380953,58164.943952380956,74.97923503573273,0.7704761904824409,0.010275860911561132,0.045,True,True,False,False,False,False,,False,False,False,-1
2026-06-25 15:10:00+05:30,58189.45,58208.9,58155.6,58193.7,0,1721,58193.7,73.4307182474663,220.2921547423989,58343.19284441714,-1,False,False,58166.46164285715,58165.14702380953,73.4307182474663,0.47747619048459455,0.0065024039241379705,0.045,True,True,False,False,False,False,,False,False,False,-1
2026-06-25 15:15:00+05:30,58190.55,58218.8,58152.85,58208.0,0,1722,58208.0,72.89638122979045,218.68914368937135,58343.19284441714,-1,False,False,58173.55066666666,58166.46164285715,72.89638122979045,8.606714285706403,0.1180677852659867,0.045,True,True,False,False,False,False,,False,False,False,1
2026-06-25 15:20:00+05:30,58208.45,58222.35,58175.6,58204.65,0,1723,58204.65,71.02878257051971,213.08634771155914,58343.19284441714,-1,False,False,58182.940761904756,58173.55066666666,71.02878257051971,17.793738095228036,0.2505144738692632,0.045,True,True,False,False,False,False,,False,False,False,1
2026-06-25 15:25:00+05:30,58214.85,58230.9,58175.15,58193.2,0,1724,58193.2,69.93744095833974,209.81232287501922,58343.19284441714,-1,False,False,58188.88988095238,58182.940761904756,69.93744095833974,22.428238095228153,0.32069000220623145,0.045,False,True,False,False,False,False,,False,False,False,1
